"ID","Process ID","Process Name","Host Name","Kernel Name","Context","Stream","Block Size","Grid Size","Device","CC","Section Name","Metric Name","Metric Unit","Metric Value"
"0","53404","python3.11","127.0.0.1","validate_circuit_kernel(Circuit, unsigned long, unsigned long, int *, char *, unsigned long)","1","7","(1, 1, 1)","(1, 1, 1)","0","7.5","Command line profiler metrics","dram__cycles_active.avg","cycle","141975"
"0","53404","python3.11","127.0.0.1","validate_circuit_kernel(Circuit, unsigned long, unsigned long, int *, char *, unsigned long)","1","7","(1, 1, 1)","(1, 1, 1)","0","7.5","Command line profiler metrics","dram__cycles_elapsed.avg","cycle","79461504"
"0","53404","python3.11","127.0.0.1","validate_circuit_kernel(Circuit, unsigned long, unsigned long, int *, char *, unsigned long)","1","7","(1, 1, 1)","(1, 1, 1)","0","7.5","Command line profiler metrics","gpu__compute_memory_throughput.avg.pct_of_peak_sustained_elapsed","%","0.18"
"0","53404","python3.11","127.0.0.1","validate_circuit_kernel(Circuit, unsigned long, unsigned long, int *, char *, unsigned long)","1","7","(1, 1, 1)","(1, 1, 1)","0","7.5","Command line profiler metrics","gpu__dram_throughput.avg.pct_of_peak_sustained_elapsed","%","0.18"
"0","53404","python3.11","127.0.0.1","validate_circuit_kernel(Circuit, unsigned long, unsigned long, int *, char *, unsigned long)","1","7","(1, 1, 1)","(1, 1, 1)","0","7.5","Command line profiler metrics","gpu__time_duration.sum","ns","11691392"
"0","53404","python3.11","127.0.0.1","validate_circuit_kernel(Circuit, unsigned long, unsigned long, int *, char *, unsigned long)","1","7","(1, 1, 1)","(1, 1, 1)","0","7.5","Command line profiler metrics","sm__warps_active.avg.pct_of_peak_sustained_active","%","3.12"
"1","53404","python3.11","127.0.0.1","validate_circuit_kernel(Circuit, unsigned long, unsigned long, int *, char *, unsigned long)","1","7","(1, 1, 1)","(1, 1, 1)","0","7.5","Command line profiler metrics","dram__cycles_active.avg","cycle","142391"
"1","53404","python3.11","127.0.0.1","validate_circuit_kernel(Circuit, unsigned long, unsigned long, int *, char *, unsigned long)","1","7","(1, 1, 1)","(1, 1, 1)","0","7.5","Command line profiler metrics","dram__cycles_elapsed.avg","cycle","79433088"
"1","53404","python3.11","127.0.0.1","validate_circuit_kernel(Circuit, unsigned long, unsigned long, int *, char *, unsigned long)","1","7","(1, 1, 1)","(1, 1, 1)","0","7.5","Command line profiler metrics","gpu__compute_memory_throughput.avg.pct_of_peak_sustained_elapsed","%","0.18"
"1","53404","python3.11","127.0.0.1","validate_circuit_kernel(Circuit, unsigned long, unsigned long, int *, char *, unsigned long)","1","7","(1, 1, 1)","(1, 1, 1)","0","7.5","Command line profiler metrics","gpu__dram_throughput.avg.pct_of_peak_sustained_elapsed","%","0.18"
"1","53404","python3.11","127.0.0.1","validate_circuit_kernel(Circuit, unsigned long, unsigned long, int *, char *, unsigned long)","1","7","(1, 1, 1)","(1, 1, 1)","0","7.5","Command line profiler metrics","gpu__time_duration.sum","ns","11692192"
"1","53404","python3.11","127.0.0.1","validate_circuit_kernel(Circuit, unsigned long, unsigned long, int *, char *, unsigned long)","1","7","(1, 1, 1)","(1, 1, 1)","0","7.5","Command line profiler metrics","sm__warps_active.avg.pct_of_peak_sustained_active","%","3.12"
"2","53404","python3.11","127.0.0.1","void circuit_kernel_batch_plain_stack<1>(unsigned int *, unsigned int *, Circuit, unsigned long, unsigned long, unsigned int *, unsigned long, unsigned long, unsigned long)","1","7","(128, 1, 1)","(98, 1, 1)","0","7.5","Command line profiler metrics","dram__cycles_active.avg","cycle","450523963"
"2","53404","python3.11","127.0.0.1","void circuit_kernel_batch_plain_stack<1>(unsigned int *, unsigned int *, Circuit, unsigned long, unsigned long, unsigned int *, unsigned long, unsigned long, unsigned long)","1","7","(128, 1, 1)","(98, 1, 1)","0","7.5","Command line profiler metrics","dram__cycles_elapsed.avg","cycle","1862703104"
"2","53404","python3.11","127.0.0.1","void circuit_kernel_batch_plain_stack<1>(unsigned int *, unsigned int *, Circuit, unsigned long, unsigned long, unsigned int *, unsigned long, unsigned long, unsigned long)","1","7","(128, 1, 1)","(98, 1, 1)","0","7.5","Command line profiler metrics","gpu__compute_memory_throughput.avg.pct_of_peak_sustained_elapsed","%","24.19"
"2","53404","python3.11","127.0.0.1","void circuit_kernel_batch_plain_stack<1>(unsigned int *, unsigned int *, Circuit, unsigned long, unsigned long, unsigned int *, unsigned long, unsigned long, unsigned long)","1","7","(128, 1, 1)","(98, 1, 1)","0","7.5","Command line profiler metrics","gpu__dram_throughput.avg.pct_of_peak_sustained_elapsed","%","24.19"
"2","53404","python3.11","127.0.0.1","void circuit_kernel_batch_plain_stack<1>(unsigned int *, unsigned int *, Circuit, unsigned long, unsigned long, unsigned int *, unsigned long, unsigned long, unsigned long)","1","7","(128, 1, 1)","(98, 1, 1)","0","7.5","Command line profiler metrics","gpu__time_duration.sum","ns","276148064"
"2","53404","python3.11","127.0.0.1","void circuit_kernel_batch_plain_stack<1>(unsigned int *, unsigned int *, Circuit, unsigned long, unsigned long, unsigned int *, unsigned long, unsigned long, unsigned long)","1","7","(128, 1, 1)","(98, 1, 1)","0","7.5","Command line profiler metrics","sm__warps_active.avg.pct_of_peak_sustained_active","%","36.22"
"0","53624","python3.11","127.0.0.1","validate_circuit_kernel(Circuit, unsigned long, unsigned long, int *, char *, unsigned long)","1","7","(1, 1, 1)","(1, 1, 1)","0","7.5","Command line profiler metrics","dram__cycles_active.avg","cycle","142023"
"0","53624","python3.11","127.0.0.1","validate_circuit_kernel(Circuit, unsigned long, unsigned long, int *, char *, unsigned long)","1","7","(1, 1, 1)","(1, 1, 1)","0","7.5","Command line profiler metrics","dram__cycles_elapsed.avg","cycle","79530752"
"0","53624","python3.11","127.0.0.1","validate_circuit_kernel(Circuit, unsigned long, unsigned long, int *, char *, unsigned long)","1","7","(1, 1, 1)","(1, 1, 1)","0","7.5","Command line profiler metrics","gpu__compute_memory_throughput.avg.pct_of_peak_sustained_elapsed","%","0.18"
"0","53624","python3.11","127.0.0.1","validate_circuit_kernel(Circuit, unsigned long, unsigned long, int *, char *, unsigned long)","1","7","(1, 1, 1)","(1, 1, 1)","0","7.5","Command line profiler metrics","gpu__dram_throughput.avg.pct_of_peak_sustained_elapsed","%","0.18"
"0","53624","python3.11","127.0.0.1","validate_circuit_kernel(Circuit, unsigned long, unsigned long, int *, char *, unsigned long)","1","7","(1, 1, 1)","(1, 1, 1)","0","7.5","Command line profiler metrics","gpu__time_duration.sum","ns","11696256"
"0","53624","python3.11","127.0.0.1","validate_circuit_kernel(Circuit, unsigned long, unsigned long, int *, char *, unsigned long)","1","7","(1, 1, 1)","(1, 1, 1)","0","7.5","Command line profiler metrics","sm__warps_active.avg.pct_of_peak_sustained_active","%","3.12"
"1","53624","python3.11","127.0.0.1","validate_circuit_kernel(Circuit, unsigned long, unsigned long, int *, char *, unsigned long)","1","7","(1, 1, 1)","(1, 1, 1)","0","7.5","Command line profiler metrics","dram__cycles_active.avg","cycle","142959"
"1","53624","python3.11","127.0.0.1","validate_circuit_kernel(Circuit, unsigned long, unsigned long, int *, char *, unsigned long)","1","7","(1, 1, 1)","(1, 1, 1)","0","7.5","Command line profiler metrics","dram__cycles_elapsed.avg","cycle","79443456"
"1","53624","python3.11","127.0.0.1","validate_circuit_kernel(Circuit, unsigned long, unsigned long, int *, char *, unsigned long)","1","7","(1, 1, 1)","(1, 1, 1)","0","7.5","Command line profiler metrics","gpu__compute_memory_throughput.avg.pct_of_peak_sustained_elapsed","%","0.18"
"1","53624","python3.11","127.0.0.1","validate_circuit_kernel(Circuit, unsigned long, unsigned long, int *, char *, unsigned long)","1","7","(1, 1, 1)","(1, 1, 1)","0","7.5","Command line profiler metrics","gpu__dram_throughput.avg.pct_of_peak_sustained_elapsed","%","0.18"
"1","53624","python3.11","127.0.0.1","validate_circuit_kernel(Circuit, unsigned long, unsigned long, int *, char *, unsigned long)","1","7","(1, 1, 1)","(1, 1, 1)","0","7.5","Command line profiler metrics","gpu__time_duration.sum","ns","11693280"
"1","53624","python3.11","127.0.0.1","validate_circuit_kernel(Circuit, unsigned long, unsigned long, int *, char *, unsigned long)","1","7","(1, 1, 1)","(1, 1, 1)","0","7.5","Command line profiler metrics","sm__warps_active.avg.pct_of_peak_sustained_active","%","3.12"
"2","53624","python3.11","127.0.0.1","void circuit_kernel_batch_plain_stack<1>(unsigned int *, unsigned int *, Circuit, unsigned long, unsigned long, unsigned int *, unsigned long, unsigned long, unsigned long)","1","7","(128, 1, 1)","(98, 1, 1)","0","7.5","Command line profiler metrics","dram__cycles_active.avg","cycle","448872669.50"
"2","53624","python3.11","127.0.0.1","void circuit_kernel_batch_plain_stack<1>(unsigned int *, unsigned int *, Circuit, unsigned long, unsigned long, unsigned int *, unsigned long, unsigned long, unsigned long)","1","7","(128, 1, 1)","(98, 1, 1)","0","7.5","Command line profiler metrics","dram__cycles_elapsed.avg","cycle","1855796736"
"2","53624","python3.11","127.0.0.1","void circuit_kernel_batch_plain_stack<1>(unsigned int *, unsigned int *, Circuit, unsigned long, unsigned long, unsigned int *, unsigned long, unsigned long, unsigned long)","1","7","(128, 1, 1)","(98, 1, 1)","0","7.5","Command line profiler metrics","gpu__compute_memory_throughput.avg.pct_of_peak_sustained_elapsed","%","24.19"
"2","53624","python3.11","127.0.0.1","void circuit_kernel_batch_plain_stack<1>(unsigned int *, unsigned int *, Circuit, unsigned long, unsigned long, unsigned int *, unsigned long, unsigned long, unsigned long)","1","7","(128, 1, 1)","(98, 1, 1)","0","7.5","Command line profiler metrics","gpu__dram_throughput.avg.pct_of_peak_sustained_elapsed","%","24.19"
"2","53624","python3.11","127.0.0.1","void circuit_kernel_batch_plain_stack<1>(unsigned int *, unsigned int *, Circuit, unsigned long, unsigned long, unsigned int *, unsigned long, unsigned long, unsigned long)","1","7","(128, 1, 1)","(98, 1, 1)","0","7.5","Command line profiler metrics","gpu__time_duration.sum","ns","277116352"
"2","53624","python3.11","127.0.0.1","void circuit_kernel_batch_plain_stack<1>(unsigned int *, unsigned int *, Circuit, unsigned long, unsigned long, unsigned int *, unsigned long, unsigned long, unsigned long)","1","7","(128, 1, 1)","(98, 1, 1)","0","7.5","Command line profiler metrics","sm__warps_active.avg.pct_of_peak_sustained_active","%","36.08"
"0","53850","python3.11","127.0.0.1","validate_circuit_kernel(Circuit, unsigned long, unsigned long, int *, char *, unsigned long)","1","7","(1, 1, 1)","(1, 1, 1)","0","7.5","Command line profiler metrics","dram__cycles_active.avg","cycle","141455"
"0","53850","python3.11","127.0.0.1","validate_circuit_kernel(Circuit, unsigned long, unsigned long, int *, char *, unsigned long)","1","7","(1, 1, 1)","(1, 1, 1)","0","7.5","Command line profiler metrics","dram__cycles_elapsed.avg","cycle","79431168"
"0","53850","python3.11","127.0.0.1","validate_circuit_kernel(Circuit, unsigned long, unsigned long, int *, char *, unsigned long)","1","7","(1, 1, 1)","(1, 1, 1)","0","7.5","Command line profiler metrics","gpu__compute_memory_throughput.avg.pct_of_peak_sustained_elapsed","%","0.18"
"0","53850","python3.11","127.0.0.1","validate_circuit_kernel(Circuit, unsigned long, unsigned long, int *, char *, unsigned long)","1","7","(1, 1, 1)","(1, 1, 1)","0","7.5","Command line profiler metrics","gpu__dram_throughput.avg.pct_of_peak_sustained_elapsed","%","0.18"
"0","53850","python3.11","127.0.0.1","validate_circuit_kernel(Circuit, unsigned long, unsigned long, int *, char *, unsigned long)","1","7","(1, 1, 1)","(1, 1, 1)","0","7.5","Command line profiler metrics","gpu__time_duration.sum","ns","11685376"
"0","53850","python3.11","127.0.0.1","validate_circuit_kernel(Circuit, unsigned long, unsigned long, int *, char *, unsigned long)","1","7","(1, 1, 1)","(1, 1, 1)","0","7.5","Command line profiler metrics","sm__warps_active.avg.pct_of_peak_sustained_active","%","3.12"
"1","53850","python3.11","127.0.0.1","validate_circuit_kernel(Circuit, unsigned long, unsigned long, int *, char *, unsigned long)","1","7","(1, 1, 1)","(1, 1, 1)","0","7.5","Command line profiler metrics","dram__cycles_active.avg","cycle","142787"
"1","53850","python3.11","127.0.0.1","validate_circuit_kernel(Circuit, unsigned long, unsigned long, int *, char *, unsigned long)","1","7","(1, 1, 1)","(1, 1, 1)","0","7.5","Command line profiler metrics","dram__cycles_elapsed.avg","cycle","79374848"
"1","53850","python3.11","127.0.0.1","validate_circuit_kernel(Circuit, unsigned long, unsigned long, int *, char *, unsigned long)","1","7","(1, 1, 1)","(1, 1, 1)","0","7.5","Command line profiler metrics","gpu__compute_memory_throughput.avg.pct_of_peak_sustained_elapsed","%","0.18"
"1","53850","python3.11","127.0.0.1","validate_circuit_kernel(Circuit, unsigned long, unsigned long, int *, char *, unsigned long)","1","7","(1, 1, 1)","(1, 1, 1)","0","7.5","Command line profiler metrics","gpu__dram_throughput.avg.pct_of_peak_sustained_elapsed","%","0.18"
"1","53850","python3.11","127.0.0.1","validate_circuit_kernel(Circuit, unsigned long, unsigned long, int *, char *, unsigned long)","1","7","(1, 1, 1)","(1, 1, 1)","0","7.5","Command line profiler metrics","gpu__time_duration.sum","ns","11685824"
"1","53850","python3.11","127.0.0.1","validate_circuit_kernel(Circuit, unsigned long, unsigned long, int *, char *, unsigned long)","1","7","(1, 1, 1)","(1, 1, 1)","0","7.5","Command line profiler metrics","sm__warps_active.avg.pct_of_peak_sustained_active","%","3.12"
"2","53850","python3.11","127.0.0.1","void circuit_kernel_batch_plain_stack<1>(unsigned int *, unsigned int *, Circuit, unsigned long, unsigned long, unsigned int *, unsigned long, unsigned long, unsigned long)","1","7","(128, 1, 1)","(98, 1, 1)","0","7.5","Command line profiler metrics","dram__cycles_active.avg","cycle","453468930.50"
"2","53850","python3.11","127.0.0.1","void circuit_kernel_batch_plain_stack<1>(unsigned int *, unsigned int *, Circuit, unsigned long, unsigned long, unsigned int *, unsigned long, unsigned long, unsigned long)","1","7","(128, 1, 1)","(98, 1, 1)","0","7.5","Command line profiler metrics","dram__cycles_elapsed.avg","cycle","1892293120"
"2","53850","python3.11","127.0.0.1","void circuit_kernel_batch_plain_stack<1>(unsigned int *, unsigned int *, Circuit, unsigned long, unsigned long, unsigned int *, unsigned long, unsigned long, unsigned long)","1","7","(128, 1, 1)","(98, 1, 1)","0","7.5","Command line profiler metrics","gpu__compute_memory_throughput.avg.pct_of_peak_sustained_elapsed","%","23.96"
"2","53850","python3.11","127.0.0.1","void circuit_kernel_batch_plain_stack<1>(unsigned int *, unsigned int *, Circuit, unsigned long, unsigned long, unsigned int *, unsigned long, unsigned long, unsigned long)","1","7","(128, 1, 1)","(98, 1, 1)","0","7.5","Command line profiler metrics","gpu__dram_throughput.avg.pct_of_peak_sustained_elapsed","%","23.96"
"2","53850","python3.11","127.0.0.1","void circuit_kernel_batch_plain_stack<1>(unsigned int *, unsigned int *, Circuit, unsigned long, unsigned long, unsigned int *, unsigned long, unsigned long, unsigned long)","1","7","(128, 1, 1)","(98, 1, 1)","0","7.5","Command line profiler metrics","gpu__time_duration.sum","ns","276974368"
"2","53850","python3.11","127.0.0.1","void circuit_kernel_batch_plain_stack<1>(unsigned int *, unsigned int *, Circuit, unsigned long, unsigned long, unsigned int *, unsigned long, unsigned long, unsigned long)","1","7","(128, 1, 1)","(98, 1, 1)","0","7.5","Command line profiler metrics","sm__warps_active.avg.pct_of_peak_sustained_active","%","36.15"
"0","54073","python3.11","127.0.0.1","validate_circuit_kernel(Circuit, unsigned long, unsigned long, int *, char *, unsigned long)","1","7","(1, 1, 1)","(1, 1, 1)","0","7.5","Command line profiler metrics","dram__cycles_active.avg","cycle","141463"
"0","54073","python3.11","127.0.0.1","validate_circuit_kernel(Circuit, unsigned long, unsigned long, int *, char *, unsigned long)","1","7","(1, 1, 1)","(1, 1, 1)","0","7.5","Command line profiler metrics","dram__cycles_elapsed.avg","cycle","79434752"
"0","54073","python3.11","127.0.0.1","validate_circuit_kernel(Circuit, unsigned long, unsigned long, int *, char *, unsigned long)","1","7","(1, 1, 1)","(1, 1, 1)","0","7.5","Command line profiler metrics","gpu__compute_memory_throughput.avg.pct_of_peak_sustained_elapsed","%","0.18"
"0","54073","python3.11","127.0.0.1","validate_circuit_kernel(Circuit, unsigned long, unsigned long, int *, char *, unsigned long)","1","7","(1, 1, 1)","(1, 1, 1)","0","7.5","Command line profiler metrics","gpu__dram_throughput.avg.pct_of_peak_sustained_elapsed","%","0.18"
"0","54073","python3.11","127.0.0.1","validate_circuit_kernel(Circuit, unsigned long, unsigned long, int *, char *, unsigned long)","1","7","(1, 1, 1)","(1, 1, 1)","0","7.5","Command line profiler metrics","gpu__time_duration.sum","ns","11694368"
"0","54073","python3.11","127.0.0.1","validate_circuit_kernel(Circuit, unsigned long, unsigned long, int *, char *, unsigned long)","1","7","(1, 1, 1)","(1, 1, 1)","0","7.5","Command line profiler metrics","sm__warps_active.avg.pct_of_peak_sustained_active","%","3.12"
"1","54073","python3.11","127.0.0.1","validate_circuit_kernel(Circuit, unsigned long, unsigned long, int *, char *, unsigned long)","1","7","(1, 1, 1)","(1, 1, 1)","0","7.5","Command line profiler metrics","dram__cycles_active.avg","cycle","11903"
"1","54073","python3.11","127.0.0.1","validate_circuit_kernel(Circuit, unsigned long, unsigned long, int *, char *, unsigned long)","1","7","(1, 1, 1)","(1, 1, 1)","0","7.5","Command line profiler metrics","dram__cycles_elapsed.avg","cycle","79437824"
"1","54073","python3.11","127.0.0.1","validate_circuit_kernel(Circuit, unsigned long, unsigned long, int *, char *, unsigned long)","1","7","(1, 1, 1)","(1, 1, 1)","0","7.5","Command line profiler metrics","gpu__compute_memory_throughput.avg.pct_of_peak_sustained_elapsed","%","0.04"
"1","54073","python3.11","127.0.0.1","validate_circuit_kernel(Circuit, unsigned long, unsigned long, int *, char *, unsigned long)","1","7","(1, 1, 1)","(1, 1, 1)","0","7.5","Command line profiler metrics","gpu__dram_throughput.avg.pct_of_peak_sustained_elapsed","%","0.01"
"1","54073","python3.11","127.0.0.1","validate_circuit_kernel(Circuit, unsigned long, unsigned long, int *, char *, unsigned long)","1","7","(1, 1, 1)","(1, 1, 1)","0","7.5","Command line profiler metrics","gpu__time_duration.sum","ns","11686112"
"1","54073","python3.11","127.0.0.1","validate_circuit_kernel(Circuit, unsigned long, unsigned long, int *, char *, unsigned long)","1","7","(1, 1, 1)","(1, 1, 1)","0","7.5","Command line profiler metrics","sm__warps_active.avg.pct_of_peak_sustained_active","%","3.12"
"2","54073","python3.11","127.0.0.1","void circuit_kernel_batch_plain_stack<1>(unsigned int *, unsigned int *, Circuit, unsigned long, unsigned long, unsigned int *, unsigned long, unsigned long, unsigned long)","1","7","(128, 1, 1)","(98, 1, 1)","0","7.5","Command line profiler metrics","dram__cycles_active.avg","cycle","447207170"
"2","54073","python3.11","127.0.0.1","void circuit_kernel_batch_plain_stack<1>(unsigned int *, unsigned int *, Circuit, unsigned long, unsigned long, unsigned int *, unsigned long, unsigned long, unsigned long)","1","7","(128, 1, 1)","(98, 1, 1)","0","7.5","Command line profiler metrics","dram__cycles_elapsed.avg","cycle","1881694336"
"2","54073","python3.11","127.0.0.1","void circuit_kernel_batch_plain_stack<1>(unsigned int *, unsigned int *, Circuit, unsigned long, unsigned long, unsigned int *, unsigned long, unsigned long, unsigned long)","1","7","(128, 1, 1)","(98, 1, 1)","0","7.5","Command line profiler metrics","gpu__compute_memory_throughput.avg.pct_of_peak_sustained_elapsed","%","23.77"
"2","54073","python3.11","127.0.0.1","void circuit_kernel_batch_plain_stack<1>(unsigned int *, unsigned int *, Circuit, unsigned long, unsigned long, unsigned int *, unsigned long, unsigned long, unsigned long)","1","7","(128, 1, 1)","(98, 1, 1)","0","7.5","Command line profiler metrics","gpu__dram_throughput.avg.pct_of_peak_sustained_elapsed","%","23.77"
"2","54073","python3.11","127.0.0.1","void circuit_kernel_batch_plain_stack<1>(unsigned int *, unsigned int *, Circuit, unsigned long, unsigned long, unsigned int *, unsigned long, unsigned long, unsigned long)","1","7","(128, 1, 1)","(98, 1, 1)","0","7.5","Command line profiler metrics","gpu__time_duration.sum","ns","274503040"
"2","54073","python3.11","127.0.0.1","void circuit_kernel_batch_plain_stack<1>(unsigned int *, unsigned int *, Circuit, unsigned long, unsigned long, unsigned int *, unsigned long, unsigned long, unsigned long)","1","7","(128, 1, 1)","(98, 1, 1)","0","7.5","Command line profiler metrics","sm__warps_active.avg.pct_of_peak_sustained_active","%","36.17"
"0","54293","python3.11","127.0.0.1","validate_circuit_kernel(Circuit, unsigned long, unsigned long, int *, char *, unsigned long)","1","7","(1, 1, 1)","(1, 1, 1)","0","7.5","Command line profiler metrics","dram__cycles_active.avg","cycle","139387"
"0","54293","python3.11","127.0.0.1","validate_circuit_kernel(Circuit, unsigned long, unsigned long, int *, char *, unsigned long)","1","7","(1, 1, 1)","(1, 1, 1)","0","7.5","Command line profiler metrics","dram__cycles_elapsed.avg","cycle","79455744"
"0","54293","python3.11","127.0.0.1","validate_circuit_kernel(Circuit, unsigned long, unsigned long, int *, char *, unsigned long)","1","7","(1, 1, 1)","(1, 1, 1)","0","7.5","Command line profiler metrics","gpu__compute_memory_throughput.avg.pct_of_peak_sustained_elapsed","%","0.18"
"0","54293","python3.11","127.0.0.1","validate_circuit_kernel(Circuit, unsigned long, unsigned long, int *, char *, unsigned long)","1","7","(1, 1, 1)","(1, 1, 1)","0","7.5","Command line profiler metrics","gpu__dram_throughput.avg.pct_of_peak_sustained_elapsed","%","0.18"
"0","54293","python3.11","127.0.0.1","validate_circuit_kernel(Circuit, unsigned long, unsigned long, int *, char *, unsigned long)","1","7","(1, 1, 1)","(1, 1, 1)","0","7.5","Command line profiler metrics","gpu__time_duration.sum","ns","11694624"
"0","54293","python3.11","127.0.0.1","validate_circuit_kernel(Circuit, unsigned long, unsigned long, int *, char *, unsigned long)","1","7","(1, 1, 1)","(1, 1, 1)","0","7.5","Command line profiler metrics","sm__warps_active.avg.pct_of_peak_sustained_active","%","3.12"
"1","54293","python3.11","127.0.0.1","validate_circuit_kernel(Circuit, unsigned long, unsigned long, int *, char *, unsigned long)","1","7","(1, 1, 1)","(1, 1, 1)","0","7.5","Command line profiler metrics","dram__cycles_active.avg","cycle","141479"
"1","54293","python3.11","127.0.0.1","validate_circuit_kernel(Circuit, unsigned long, unsigned long, int *, char *, unsigned long)","1","7","(1, 1, 1)","(1, 1, 1)","0","7.5","Command line profiler metrics","dram__cycles_elapsed.avg","cycle","79413120"
"1","54293","python3.11","127.0.0.1","validate_circuit_kernel(Circuit, unsigned long, unsigned long, int *, char *, unsigned long)","1","7","(1, 1, 1)","(1, 1, 1)","0","7.5","Command line profiler metrics","gpu__compute_memory_throughput.avg.pct_of_peak_sustained_elapsed","%","0.18"
"1","54293","python3.11","127.0.0.1","validate_circuit_kernel(Circuit, unsigned long, unsigned long, int *, char *, unsigned long)","1","7","(1, 1, 1)","(1, 1, 1)","0","7.5","Command line profiler metrics","gpu__dram_throughput.avg.pct_of_peak_sustained_elapsed","%","0.18"
"1","54293","python3.11","127.0.0.1","validate_circuit_kernel(Circuit, unsigned long, unsigned long, int *, char *, unsigned long)","1","7","(1, 1, 1)","(1, 1, 1)","0","7.5","Command line profiler metrics","gpu__time_duration.sum","ns","11691328"
"1","54293","python3.11","127.0.0.1","validate_circuit_kernel(Circuit, unsigned long, unsigned long, int *, char *, unsigned long)","1","7","(1, 1, 1)","(1, 1, 1)","0","7.5","Command line profiler metrics","sm__warps_active.avg.pct_of_peak_sustained_active","%","3.12"
"2","54293","python3.11","127.0.0.1","void circuit_kernel_batch_plain_stack<1>(unsigned int *, unsigned int *, Circuit, unsigned long, unsigned long, unsigned int *, unsigned long, unsigned long, unsigned long)","1","7","(128, 1, 1)","(98, 1, 1)","0","7.5","Command line profiler metrics","dram__cycles_active.avg","cycle","448232399"
"2","54293","python3.11","127.0.0.1","void circuit_kernel_batch_plain_stack<1>(unsigned int *, unsigned int *, Circuit, unsigned long, unsigned long, unsigned int *, unsigned long, unsigned long, unsigned long)","1","7","(128, 1, 1)","(98, 1, 1)","0","7.5","Command line profiler metrics","dram__cycles_elapsed.avg","cycle","1873803904"
"2","54293","python3.11","127.0.0.1","void circuit_kernel_batch_plain_stack<1>(unsigned int *, unsigned int *, Circuit, unsigned long, unsigned long, unsigned int *, unsigned long, unsigned long, unsigned long)","1","7","(128, 1, 1)","(98, 1, 1)","0","7.5","Command line profiler metrics","gpu__compute_memory_throughput.avg.pct_of_peak_sustained_elapsed","%","23.92"
"2","54293","python3.11","127.0.0.1","void circuit_kernel_batch_plain_stack<1>(unsigned int *, unsigned int *, Circuit, unsigned long, unsigned long, unsigned int *, unsigned long, unsigned long, unsigned long)","1","7","(128, 1, 1)","(98, 1, 1)","0","7.5","Command line profiler metrics","gpu__dram_throughput.avg.pct_of_peak_sustained_elapsed","%","23.92"
"2","54293","python3.11","127.0.0.1","void circuit_kernel_batch_plain_stack<1>(unsigned int *, unsigned int *, Circuit, unsigned long, unsigned long, unsigned int *, unsigned long, unsigned long, unsigned long)","1","7","(128, 1, 1)","(98, 1, 1)","0","7.5","Command line profiler metrics","gpu__time_duration.sum","ns","278902016"
"2","54293","python3.11","127.0.0.1","void circuit_kernel_batch_plain_stack<1>(unsigned int *, unsigned int *, Circuit, unsigned long, unsigned long, unsigned int *, unsigned long, unsigned long, unsigned long)","1","7","(128, 1, 1)","(98, 1, 1)","0","7.5","Command line profiler metrics","sm__warps_active.avg.pct_of_peak_sustained_active","%","36.14"
"0","54516","python3.11","127.0.0.1","validate_circuit_kernel(Circuit, unsigned long, unsigned long, int *, char *, unsigned long)","1","7","(1, 1, 1)","(1, 1, 1)","0","7.5","Command line profiler metrics","dram__cycles_active.avg","cycle","141463"
"0","54516","python3.11","127.0.0.1","validate_circuit_kernel(Circuit, unsigned long, unsigned long, int *, char *, unsigned long)","1","7","(1, 1, 1)","(1, 1, 1)","0","7.5","Command line profiler metrics","dram__cycles_elapsed.avg","cycle","79462912"
"0","54516","python3.11","127.0.0.1","validate_circuit_kernel(Circuit, unsigned long, unsigned long, int *, char *, unsigned long)","1","7","(1, 1, 1)","(1, 1, 1)","0","7.5","Command line profiler metrics","gpu__compute_memory_throughput.avg.pct_of_peak_sustained_elapsed","%","0.18"
"0","54516","python3.11","127.0.0.1","validate_circuit_kernel(Circuit, unsigned long, unsigned long, int *, char *, unsigned long)","1","7","(1, 1, 1)","(1, 1, 1)","0","7.5","Command line profiler metrics","gpu__dram_throughput.avg.pct_of_peak_sustained_elapsed","%","0.18"
"0","54516","python3.11","127.0.0.1","validate_circuit_kernel(Circuit, unsigned long, unsigned long, int *, char *, unsigned long)","1","7","(1, 1, 1)","(1, 1, 1)","0","7.5","Command line profiler metrics","gpu__time_duration.sum","ns","11700672"
"0","54516","python3.11","127.0.0.1","validate_circuit_kernel(Circuit, unsigned long, unsigned long, int *, char *, unsigned long)","1","7","(1, 1, 1)","(1, 1, 1)","0","7.5","Command line profiler metrics","sm__warps_active.avg.pct_of_peak_sustained_active","%","3.12"
"1","54516","python3.11","127.0.0.1","validate_circuit_kernel(Circuit, unsigned long, unsigned long, int *, char *, unsigned long)","1","7","(1, 1, 1)","(1, 1, 1)","0","7.5","Command line profiler metrics","dram__cycles_active.avg","cycle","141575"
"1","54516","python3.11","127.0.0.1","validate_circuit_kernel(Circuit, unsigned long, unsigned long, int *, char *, unsigned long)","1","7","(1, 1, 1)","(1, 1, 1)","0","7.5","Command line profiler metrics","dram__cycles_elapsed.avg","cycle","79441152"
"1","54516","python3.11","127.0.0.1","validate_circuit_kernel(Circuit, unsigned long, unsigned long, int *, char *, unsigned long)","1","7","(1, 1, 1)","(1, 1, 1)","0","7.5","Command line profiler metrics","gpu__compute_memory_throughput.avg.pct_of_peak_sustained_elapsed","%","0.18"
"1","54516","python3.11","127.0.0.1","validate_circuit_kernel(Circuit, unsigned long, unsigned long, int *, char *, unsigned long)","1","7","(1, 1, 1)","(1, 1, 1)","0","7.5","Command line profiler metrics","gpu__dram_throughput.avg.pct_of_peak_sustained_elapsed","%","0.18"
"1","54516","python3.11","127.0.0.1","validate_circuit_kernel(Circuit, unsigned long, unsigned long, int *, char *, unsigned long)","1","7","(1, 1, 1)","(1, 1, 1)","0","7.5","Command line profiler metrics","gpu__time_duration.sum","ns","11690080"
"1","54516","python3.11","127.0.0.1","validate_circuit_kernel(Circuit, unsigned long, unsigned long, int *, char *, unsigned long)","1","7","(1, 1, 1)","(1, 1, 1)","0","7.5","Command line profiler metrics","sm__warps_active.avg.pct_of_peak_sustained_active","%","3.12"
"2","54516","python3.11","127.0.0.1","void circuit_kernel_batch_plain_stack<1>(unsigned int *, unsigned int *, Circuit, unsigned long, unsigned long, unsigned int *, unsigned long, unsigned long, unsigned long)","1","7","(128, 1, 1)","(98, 1, 1)","0","7.5","Command line profiler metrics","dram__cycles_active.avg","cycle","449101453.50"
"2","54516","python3.11","127.0.0.1","void circuit_kernel_batch_plain_stack<1>(unsigned int *, unsigned int *, Circuit, unsigned long, unsigned long, unsigned int *, unsigned long, unsigned long, unsigned long)","1","7","(128, 1, 1)","(98, 1, 1)","0","7.5","Command line profiler metrics","dram__cycles_elapsed.avg","cycle","1884233216"
"2","54516","python3.11","127.0.0.1","void circuit_kernel_batch_plain_stack<1>(unsigned int *, unsigned int *, Circuit, unsigned long, unsigned long, unsigned int *, unsigned long, unsigned long, unsigned long)","1","7","(128, 1, 1)","(98, 1, 1)","0","7.5","Command line profiler metrics","gpu__compute_memory_throughput.avg.pct_of_peak_sustained_elapsed","%","23.83"
"2","54516","python3.11","127.0.0.1","void circuit_kernel_batch_plain_stack<1>(unsigned int *, unsigned int *, Circuit, unsigned long, unsigned long, unsigned int *, unsigned long, unsigned long, unsigned long)","1","7","(128, 1, 1)","(98, 1, 1)","0","7.5","Command line profiler metrics","gpu__dram_throughput.avg.pct_of_peak_sustained_elapsed","%","23.83"
"2","54516","python3.11","127.0.0.1","void circuit_kernel_batch_plain_stack<1>(unsigned int *, unsigned int *, Circuit, unsigned long, unsigned long, unsigned int *, unsigned long, unsigned long, unsigned long)","1","7","(128, 1, 1)","(98, 1, 1)","0","7.5","Command line profiler metrics","gpu__time_duration.sum","ns","276978240"
"2","54516","python3.11","127.0.0.1","void circuit_kernel_batch_plain_stack<1>(unsigned int *, unsigned int *, Circuit, unsigned long, unsigned long, unsigned int *, unsigned long, unsigned long, unsigned long)","1","7","(128, 1, 1)","(98, 1, 1)","0","7.5","Command line profiler metrics","sm__warps_active.avg.pct_of_peak_sustained_active","%","36.16"
"0","54736","python3.11","127.0.0.1","validate_circuit_kernel(Circuit, unsigned long, unsigned long, int *, char *, unsigned long)","1","7","(1, 1, 1)","(1, 1, 1)","0","7.5","Command line profiler metrics","dram__cycles_active.avg","cycle","142159"
"0","54736","python3.11","127.0.0.1","validate_circuit_kernel(Circuit, unsigned long, unsigned long, int *, char *, unsigned long)","1","7","(1, 1, 1)","(1, 1, 1)","0","7.5","Command line profiler metrics","dram__cycles_elapsed.avg","cycle","79450112"
"0","54736","python3.11","127.0.0.1","validate_circuit_kernel(Circuit, unsigned long, unsigned long, int *, char *, unsigned long)","1","7","(1, 1, 1)","(1, 1, 1)","0","7.5","Command line profiler metrics","gpu__compute_memory_throughput.avg.pct_of_peak_sustained_elapsed","%","0.18"
"0","54736","python3.11","127.0.0.1","validate_circuit_kernel(Circuit, unsigned long, unsigned long, int *, char *, unsigned long)","1","7","(1, 1, 1)","(1, 1, 1)","0","7.5","Command line profiler metrics","gpu__dram_throughput.avg.pct_of_peak_sustained_elapsed","%","0.18"
"0","54736","python3.11","127.0.0.1","validate_circuit_kernel(Circuit, unsigned long, unsigned long, int *, char *, unsigned long)","1","7","(1, 1, 1)","(1, 1, 1)","0","7.5","Command line profiler metrics","gpu__time_duration.sum","ns","11690624"
"0","54736","python3.11","127.0.0.1","validate_circuit_kernel(Circuit, unsigned long, unsigned long, int *, char *, unsigned long)","1","7","(1, 1, 1)","(1, 1, 1)","0","7.5","Command line profiler metrics","sm__warps_active.avg.pct_of_peak_sustained_active","%","3.12"
"1","54736","python3.11","127.0.0.1","validate_circuit_kernel(Circuit, unsigned long, unsigned long, int *, char *, unsigned long)","1","7","(1, 1, 1)","(1, 1, 1)","0","7.5","Command line profiler metrics","dram__cycles_active.avg","cycle","11531"
"1","54736","python3.11","127.0.0.1","validate_circuit_kernel(Circuit, unsigned long, unsigned long, int *, char *, unsigned long)","1","7","(1, 1, 1)","(1, 1, 1)","0","7.5","Command line profiler metrics","dram__cycles_elapsed.avg","cycle","79505024"
"1","54736","python3.11","127.0.0.1","validate_circuit_kernel(Circuit, unsigned long, unsigned long, int *, char *, unsigned long)","1","7","(1, 1, 1)","(1, 1, 1)","0","7.5","Command line profiler metrics","gpu__compute_memory_throughput.avg.pct_of_peak_sustained_elapsed","%","0.05"
"1","54736","python3.11","127.0.0.1","validate_circuit_kernel(Circuit, unsigned long, unsigned long, int *, char *, unsigned long)","1","7","(1, 1, 1)","(1, 1, 1)","0","7.5","Command line profiler metrics","gpu__dram_throughput.avg.pct_of_peak_sustained_elapsed","%","0.01"
"1","54736","python3.11","127.0.0.1","validate_circuit_kernel(Circuit, unsigned long, unsigned long, int *, char *, unsigned long)","1","7","(1, 1, 1)","(1, 1, 1)","0","7.5","Command line profiler metrics","gpu__time_duration.sum","ns","11694336"
"1","54736","python3.11","127.0.0.1","validate_circuit_kernel(Circuit, unsigned long, unsigned long, int *, char *, unsigned long)","1","7","(1, 1, 1)","(1, 1, 1)","0","7.5","Command line profiler metrics","sm__warps_active.avg.pct_of_peak_sustained_active","%","3.12"
"2","54736","python3.11","127.0.0.1","void circuit_kernel_batch_plain_stack<1>(unsigned int *, unsigned int *, Circuit, unsigned long, unsigned long, unsigned int *, unsigned long, unsigned long, unsigned long)","1","7","(128, 1, 1)","(98, 1, 1)","0","7.5","Command line profiler metrics","dram__cycles_active.avg","cycle","455465696.50"
"2","54736","python3.11","127.0.0.1","void circuit_kernel_batch_plain_stack<1>(unsigned int *, unsigned int *, Circuit, unsigned long, unsigned long, unsigned int *, unsigned long, unsigned long, unsigned long)","1","7","(128, 1, 1)","(98, 1, 1)","0","7.5","Command line profiler metrics","dram__cycles_elapsed.avg","cycle","1899960704"
"2","54736","python3.11","127.0.0.1","void circuit_kernel_batch_plain_stack<1>(unsigned int *, unsigned int *, Circuit, unsigned long, unsigned long, unsigned int *, unsigned long, unsigned long, unsigned long)","1","7","(128, 1, 1)","(98, 1, 1)","0","7.5","Command line profiler metrics","gpu__compute_memory_throughput.avg.pct_of_peak_sustained_elapsed","%","23.97"
"2","54736","python3.11","127.0.0.1","void circuit_kernel_batch_plain_stack<1>(unsigned int *, unsigned int *, Circuit, unsigned long, unsigned long, unsigned int *, unsigned long, unsigned long, unsigned long)","1","7","(128, 1, 1)","(98, 1, 1)","0","7.5","Command line profiler metrics","gpu__dram_throughput.avg.pct_of_peak_sustained_elapsed","%","23.97"
"2","54736","python3.11","127.0.0.1","void circuit_kernel_batch_plain_stack<1>(unsigned int *, unsigned int *, Circuit, unsigned long, unsigned long, unsigned int *, unsigned long, unsigned long, unsigned long)","1","7","(128, 1, 1)","(98, 1, 1)","0","7.5","Command line profiler metrics","gpu__time_duration.sum","ns","277672992"
"2","54736","python3.11","127.0.0.1","void circuit_kernel_batch_plain_stack<1>(unsigned int *, unsigned int *, Circuit, unsigned long, unsigned long, unsigned int *, unsigned long, unsigned long, unsigned long)","1","7","(128, 1, 1)","(98, 1, 1)","0","7.5","Command line profiler metrics","sm__warps_active.avg.pct_of_peak_sustained_active","%","36.15"
"0","54959","python3.11","127.0.0.1","validate_circuit_kernel(Circuit, unsigned long, unsigned long, int *, char *, unsigned long)","1","7","(1, 1, 1)","(1, 1, 1)","0","7.5","Command line profiler metrics","dram__cycles_active.avg","cycle","141707"
"0","54959","python3.11","127.0.0.1","validate_circuit_kernel(Circuit, unsigned long, unsigned long, int *, char *, unsigned long)","1","7","(1, 1, 1)","(1, 1, 1)","0","7.5","Command line profiler metrics","dram__cycles_elapsed.avg","cycle","79414784"
"0","54959","python3.11","127.0.0.1","validate_circuit_kernel(Circuit, unsigned long, unsigned long, int *, char *, unsigned long)","1","7","(1, 1, 1)","(1, 1, 1)","0","7.5","Command line profiler metrics","gpu__compute_memory_throughput.avg.pct_of_peak_sustained_elapsed","%","0.18"
"0","54959","python3.11","127.0.0.1","validate_circuit_kernel(Circuit, unsigned long, unsigned long, int *, char *, unsigned long)","1","7","(1, 1, 1)","(1, 1, 1)","0","7.5","Command line profiler metrics","gpu__dram_throughput.avg.pct_of_peak_sustained_elapsed","%","0.18"
"0","54959","python3.11","127.0.0.1","validate_circuit_kernel(Circuit, unsigned long, unsigned long, int *, char *, unsigned long)","1","7","(1, 1, 1)","(1, 1, 1)","0","7.5","Command line profiler metrics","gpu__time_duration.sum","ns","11688448"
"0","54959","python3.11","127.0.0.1","validate_circuit_kernel(Circuit, unsigned long, unsigned long, int *, char *, unsigned long)","1","7","(1, 1, 1)","(1, 1, 1)","0","7.5","Command line profiler metrics","sm__warps_active.avg.pct_of_peak_sustained_active","%","3.12"
"1","54959","python3.11","127.0.0.1","validate_circuit_kernel(Circuit, unsigned long, unsigned long, int *, char *, unsigned long)","1","7","(1, 1, 1)","(1, 1, 1)","0","7.5","Command line profiler metrics","dram__cycles_active.avg","cycle","141923"
"1","54959","python3.11","127.0.0.1","validate_circuit_kernel(Circuit, unsigned long, unsigned long, int *, char *, unsigned long)","1","7","(1, 1, 1)","(1, 1, 1)","0","7.5","Command line profiler metrics","dram__cycles_elapsed.avg","cycle","79393536"
"1","54959","python3.11","127.0.0.1","validate_circuit_kernel(Circuit, unsigned long, unsigned long, int *, char *, unsigned long)","1","7","(1, 1, 1)","(1, 1, 1)","0","7.5","Command line profiler metrics","gpu__compute_memory_throughput.avg.pct_of_peak_sustained_elapsed","%","0.18"
"1","54959","python3.11","127.0.0.1","validate_circuit_kernel(Circuit, unsigned long, unsigned long, int *, char *, unsigned long)","1","7","(1, 1, 1)","(1, 1, 1)","0","7.5","Command line profiler metrics","gpu__dram_throughput.avg.pct_of_peak_sustained_elapsed","%","0.18"
"1","54959","python3.11","127.0.0.1","validate_circuit_kernel(Circuit, unsigned long, unsigned long, int *, char *, unsigned long)","1","7","(1, 1, 1)","(1, 1, 1)","0","7.5","Command line profiler metrics","gpu__time_duration.sum","ns","11682912"
"1","54959","python3.11","127.0.0.1","validate_circuit_kernel(Circuit, unsigned long, unsigned long, int *, char *, unsigned long)","1","7","(1, 1, 1)","(1, 1, 1)","0","7.5","Command line profiler metrics","sm__warps_active.avg.pct_of_peak_sustained_active","%","3.13"
"2","54959","python3.11","127.0.0.1","void circuit_kernel_batch_plain_stack<1>(unsigned int *, unsigned int *, Circuit, unsigned long, unsigned long, unsigned int *, unsigned long, unsigned long, unsigned long)","1","7","(128, 1, 1)","(98, 1, 1)","0","7.5","Command line profiler metrics","dram__cycles_active.avg","cycle","448109499"
"2","54959","python3.11","127.0.0.1","void circuit_kernel_batch_plain_stack<1>(unsigned int *, unsigned int *, Circuit, unsigned long, unsigned long, unsigned int *, unsigned long, unsigned long, unsigned long)","1","7","(128, 1, 1)","(98, 1, 1)","0","7.5","Command line profiler metrics","dram__cycles_elapsed.avg","cycle","1888965632"
"2","54959","python3.11","127.0.0.1","void circuit_kernel_batch_plain_stack<1>(unsigned int *, unsigned int *, Circuit, unsigned long, unsigned long, unsigned int *, unsigned long, unsigned long, unsigned long)","1","7","(128, 1, 1)","(98, 1, 1)","0","7.5","Command line profiler metrics","gpu__compute_memory_throughput.avg.pct_of_peak_sustained_elapsed","%","23.72"
"2","54959","python3.11","127.0.0.1","void circuit_kernel_batch_plain_stack<1>(unsigned int *, unsigned int *, Circuit, unsigned long, unsigned long, unsigned int *, unsigned long, unsigned long, unsigned long)","1","7","(128, 1, 1)","(98, 1, 1)","0","7.5","Command line profiler metrics","gpu__dram_throughput.avg.pct_of_peak_sustained_elapsed","%","23.72"
"2","54959","python3.11","127.0.0.1","void circuit_kernel_batch_plain_stack<1>(unsigned int *, unsigned int *, Circuit, unsigned long, unsigned long, unsigned int *, unsigned long, unsigned long, unsigned long)","1","7","(128, 1, 1)","(98, 1, 1)","0","7.5","Command line profiler metrics","gpu__time_duration.sum","ns","278618400"
"2","54959","python3.11","127.0.0.1","void circuit_kernel_batch_plain_stack<1>(unsigned int *, unsigned int *, Circuit, unsigned long, unsigned long, unsigned int *, unsigned long, unsigned long, unsigned long)","1","7","(128, 1, 1)","(98, 1, 1)","0","7.5","Command line profiler metrics","sm__warps_active.avg.pct_of_peak_sustained_active","%","36.16"
"0","55184","python3.11","127.0.0.1","validate_circuit_kernel(Circuit, unsigned long, unsigned long, int *, char *, unsigned long)","1","7","(1, 1, 1)","(1, 1, 1)","0","7.5","Command line profiler metrics","dram__cycles_active.avg","cycle","141463"
"0","55184","python3.11","127.0.0.1","validate_circuit_kernel(Circuit, unsigned long, unsigned long, int *, char *, unsigned long)","1","7","(1, 1, 1)","(1, 1, 1)","0","7.5","Command line profiler metrics","dram__cycles_elapsed.avg","cycle","79384064"
"0","55184","python3.11","127.0.0.1","validate_circuit_kernel(Circuit, unsigned long, unsigned long, int *, char *, unsigned long)","1","7","(1, 1, 1)","(1, 1, 1)","0","7.5","Command line profiler metrics","gpu__compute_memory_throughput.avg.pct_of_peak_sustained_elapsed","%","0.18"
"0","55184","python3.11","127.0.0.1","validate_circuit_kernel(Circuit, unsigned long, unsigned long, int *, char *, unsigned long)","1","7","(1, 1, 1)","(1, 1, 1)","0","7.5","Command line profiler metrics","gpu__dram_throughput.avg.pct_of_peak_sustained_elapsed","%","0.18"
"0","55184","python3.11","127.0.0.1","validate_circuit_kernel(Circuit, unsigned long, unsigned long, int *, char *, unsigned long)","1","7","(1, 1, 1)","(1, 1, 1)","0","7.5","Command line profiler metrics","gpu__time_duration.sum","ns","11689312"
"0","55184","python3.11","127.0.0.1","validate_circuit_kernel(Circuit, unsigned long, unsigned long, int *, char *, unsigned long)","1","7","(1, 1, 1)","(1, 1, 1)","0","7.5","Command line profiler metrics","sm__warps_active.avg.pct_of_peak_sustained_active","%","3.12"
"1","55184","python3.11","127.0.0.1","validate_circuit_kernel(Circuit, unsigned long, unsigned long, int *, char *, unsigned long)","1","7","(1, 1, 1)","(1, 1, 1)","0","7.5","Command line profiler metrics","dram__cycles_active.avg","cycle","141777"
"1","55184","python3.11","127.0.0.1","validate_circuit_kernel(Circuit, unsigned long, unsigned long, int *, char *, unsigned long)","1","7","(1, 1, 1)","(1, 1, 1)","0","7.5","Command line profiler metrics","dram__cycles_elapsed.avg","cycle","79399680"
"1","55184","python3.11","127.0.0.1","validate_circuit_kernel(Circuit, unsigned long, unsigned long, int *, char *, unsigned long)","1","7","(1, 1, 1)","(1, 1, 1)","0","7.5","Command line profiler metrics","gpu__compute_memory_throughput.avg.pct_of_peak_sustained_elapsed","%","0.18"
"1","55184","python3.11","127.0.0.1","validate_circuit_kernel(Circuit, unsigned long, unsigned long, int *, char *, unsigned long)","1","7","(1, 1, 1)","(1, 1, 1)","0","7.5","Command line profiler metrics","gpu__dram_throughput.avg.pct_of_peak_sustained_elapsed","%","0.18"
"1","55184","python3.11","127.0.0.1","validate_circuit_kernel(Circuit, unsigned long, unsigned long, int *, char *, unsigned long)","1","7","(1, 1, 1)","(1, 1, 1)","0","7.5","Command line profiler metrics","gpu__time_duration.sum","ns","11694816"
"1","55184","python3.11","127.0.0.1","validate_circuit_kernel(Circuit, unsigned long, unsigned long, int *, char *, unsigned long)","1","7","(1, 1, 1)","(1, 1, 1)","0","7.5","Command line profiler metrics","sm__warps_active.avg.pct_of_peak_sustained_active","%","3.12"
"2","55184","python3.11","127.0.0.1","void circuit_kernel_batch_plain_stack<1>(unsigned int *, unsigned int *, Circuit, unsigned long, unsigned long, unsigned int *, unsigned long, unsigned long, unsigned long)","1","7","(128, 1, 1)","(98, 1, 1)","0","7.5","Command line profiler metrics","dram__cycles_active.avg","cycle","451217068.50"
"2","55184","python3.11","127.0.0.1","void circuit_kernel_batch_plain_stack<1>(unsigned int *, unsigned int *, Circuit, unsigned long, unsigned long, unsigned int *, unsigned long, unsigned long, unsigned long)","1","7","(128, 1, 1)","(98, 1, 1)","0","7.5","Command line profiler metrics","dram__cycles_elapsed.avg","cycle","1868414976"
"2","55184","python3.11","127.0.0.1","void circuit_kernel_batch_plain_stack<1>(unsigned int *, unsigned int *, Circuit, unsigned long, unsigned long, unsigned int *, unsigned long, unsigned long, unsigned long)","1","7","(128, 1, 1)","(98, 1, 1)","0","7.5","Command line profiler metrics","gpu__compute_memory_throughput.avg.pct_of_peak_sustained_elapsed","%","24.15"
"2","55184","python3.11","127.0.0.1","void circuit_kernel_batch_plain_stack<1>(unsigned int *, unsigned int *, Circuit, unsigned long, unsigned long, unsigned int *, unsigned long, unsigned long, unsigned long)","1","7","(128, 1, 1)","(98, 1, 1)","0","7.5","Command line profiler metrics","gpu__dram_throughput.avg.pct_of_peak_sustained_elapsed","%","24.15"
"2","55184","python3.11","127.0.0.1","void circuit_kernel_batch_plain_stack<1>(unsigned int *, unsigned int *, Circuit, unsigned long, unsigned long, unsigned int *, unsigned long, unsigned long, unsigned long)","1","7","(128, 1, 1)","(98, 1, 1)","0","7.5","Command line profiler metrics","gpu__time_duration.sum","ns","276975584"
"2","55184","python3.11","127.0.0.1","void circuit_kernel_batch_plain_stack<1>(unsigned int *, unsigned int *, Circuit, unsigned long, unsigned long, unsigned int *, unsigned long, unsigned long, unsigned long)","1","7","(128, 1, 1)","(98, 1, 1)","0","7.5","Command line profiler metrics","sm__warps_active.avg.pct_of_peak_sustained_active","%","36.14"
"0","55407","python3.11","127.0.0.1","validate_circuit_kernel(Circuit, unsigned long, unsigned long, int *, char *, unsigned long)","1","7","(1, 1, 1)","(1, 1, 1)","0","7.5","Command line profiler metrics","dram__cycles_active.avg","cycle","142408"
"0","55407","python3.11","127.0.0.1","validate_circuit_kernel(Circuit, unsigned long, unsigned long, int *, char *, unsigned long)","1","7","(1, 1, 1)","(1, 1, 1)","0","7.5","Command line profiler metrics","dram__cycles_elapsed.avg","cycle","79433728"
"0","55407","python3.11","127.0.0.1","validate_circuit_kernel(Circuit, unsigned long, unsigned long, int *, char *, unsigned long)","1","7","(1, 1, 1)","(1, 1, 1)","0","7.5","Command line profiler metrics","gpu__compute_memory_throughput.avg.pct_of_peak_sustained_elapsed","%","0.18"
"0","55407","python3.11","127.0.0.1","validate_circuit_kernel(Circuit, unsigned long, unsigned long, int *, char *, unsigned long)","1","7","(1, 1, 1)","(1, 1, 1)","0","7.5","Command line profiler metrics","gpu__dram_throughput.avg.pct_of_peak_sustained_elapsed","%","0.18"
"0","55407","python3.11","127.0.0.1","validate_circuit_kernel(Circuit, unsigned long, unsigned long, int *, char *, unsigned long)","1","7","(1, 1, 1)","(1, 1, 1)","0","7.5","Command line profiler metrics","gpu__time_duration.sum","ns","11690912"
"0","55407","python3.11","127.0.0.1","validate_circuit_kernel(Circuit, unsigned long, unsigned long, int *, char *, unsigned long)","1","7","(1, 1, 1)","(1, 1, 1)","0","7.5","Command line profiler metrics","sm__warps_active.avg.pct_of_peak_sustained_active","%","3.12"
"1","55407","python3.11","127.0.0.1","validate_circuit_kernel(Circuit, unsigned long, unsigned long, int *, char *, unsigned long)","1","7","(1, 1, 1)","(1, 1, 1)","0","7.5","Command line profiler metrics","dram__cycles_active.avg","cycle","141851"
"1","55407","python3.11","127.0.0.1","validate_circuit_kernel(Circuit, unsigned long, unsigned long, int *, char *, unsigned long)","1","7","(1, 1, 1)","(1, 1, 1)","0","7.5","Command line profiler metrics","dram__cycles_elapsed.avg","cycle","79397632"
"1","55407","python3.11","127.0.0.1","validate_circuit_kernel(Circuit, unsigned long, unsigned long, int *, char *, unsigned long)","1","7","(1, 1, 1)","(1, 1, 1)","0","7.5","Command line profiler metrics","gpu__compute_memory_throughput.avg.pct_of_peak_sustained_elapsed","%","0.18"
"1","55407","python3.11","127.0.0.1","validate_circuit_kernel(Circuit, unsigned long, unsigned long, int *, char *, unsigned long)","1","7","(1, 1, 1)","(1, 1, 1)","0","7.5","Command line profiler metrics","gpu__dram_throughput.avg.pct_of_peak_sustained_elapsed","%","0.18"
"1","55407","python3.11","127.0.0.1","validate_circuit_kernel(Circuit, unsigned long, unsigned long, int *, char *, unsigned long)","1","7","(1, 1, 1)","(1, 1, 1)","0","7.5","Command line profiler metrics","gpu__time_duration.sum","ns","11685280"
"1","55407","python3.11","127.0.0.1","validate_circuit_kernel(Circuit, unsigned long, unsigned long, int *, char *, unsigned long)","1","7","(1, 1, 1)","(1, 1, 1)","0","7.5","Command line profiler metrics","sm__warps_active.avg.pct_of_peak_sustained_active","%","3.12"
"2","55407","python3.11","127.0.0.1","void circuit_kernel_batch_plain_stack<1>(unsigned int *, unsigned int *, Circuit, unsigned long, unsigned long, unsigned int *, unsigned long, unsigned long, unsigned long)","1","7","(128, 1, 1)","(98, 1, 1)","0","7.5","Command line profiler metrics","dram__cycles_active.avg","cycle","445660056"
"2","55407","python3.11","127.0.0.1","void circuit_kernel_batch_plain_stack<1>(unsigned int *, unsigned int *, Circuit, unsigned long, unsigned long, unsigned int *, unsigned long, unsigned long, unsigned long)","1","7","(128, 1, 1)","(98, 1, 1)","0","7.5","Command line profiler metrics","dram__cycles_elapsed.avg","cycle","1862582528"
"2","55407","python3.11","127.0.0.1","void circuit_kernel_batch_plain_stack<1>(unsigned int *, unsigned int *, Circuit, unsigned long, unsigned long, unsigned int *, unsigned long, unsigned long, unsigned long)","1","7","(128, 1, 1)","(98, 1, 1)","0","7.5","Command line profiler metrics","gpu__compute_memory_throughput.avg.pct_of_peak_sustained_elapsed","%","23.93"
"2","55407","python3.11","127.0.0.1","void circuit_kernel_batch_plain_stack<1>(unsigned int *, unsigned int *, Circuit, unsigned long, unsigned long, unsigned int *, unsigned long, unsigned long, unsigned long)","1","7","(128, 1, 1)","(98, 1, 1)","0","7.5","Command line profiler metrics","gpu__dram_throughput.avg.pct_of_peak_sustained_elapsed","%","23.93"
"2","55407","python3.11","127.0.0.1","void circuit_kernel_batch_plain_stack<1>(unsigned int *, unsigned int *, Circuit, unsigned long, unsigned long, unsigned int *, unsigned long, unsigned long, unsigned long)","1","7","(128, 1, 1)","(98, 1, 1)","0","7.5","Command line profiler metrics","gpu__time_duration.sum","ns","274368384"
"2","55407","python3.11","127.0.0.1","void circuit_kernel_batch_plain_stack<1>(unsigned int *, unsigned int *, Circuit, unsigned long, unsigned long, unsigned int *, unsigned long, unsigned long, unsigned long)","1","7","(128, 1, 1)","(98, 1, 1)","0","7.5","Command line profiler metrics","sm__warps_active.avg.pct_of_peak_sustained_active","%","36.06"
